[
 {
  "allow_guest": 0,
  "api_method": null,
  "cron_format": null,
  "disabled": 0,
  "docstatus": 0,
  "doctype": "Server Script",
  "doctype_event": "After Submit",
  "enable_rate_limit": 0,
  "event_frequency": "All",
  "modified": "2025-06-29 00:09:56.672170",
  "module": null,
  "name": "Update Roast Batch on Manufacture",
  "rate_limit_count": 5,
  "rate_limit_seconds": 86400,
  "reference_doctype": "Stock Entry",
  "script": "# only run on Manufacture entries that reference a Roast Batch\nif doc.purpose == \"Manufacture\" and doc.get(\"roast_batch\"):\n    for row in doc.items:\n        if row.batch_no and row.t_warehouse:\n            frappe.db.set_value(\n                \"Roast Batch\",\n                doc.roast_batch,\n                \"batch_no\",\n                row.batch_no\n            )\n            break\n",
  "script_type": "DocType Event"
 },
 {
  "allow_guest": 0,
  "api_method": null,
  "cron_format": null,
  "disabled": 0,
  "docstatus": 0,
  "doctype": "Server Script",
  "doctype_event": "Before Insert",
  "enable_rate_limit": 0,
  "event_frequency": "All",
  "modified": "2025-06-29 03:53:41.239872",
  "module": null,
  "name": "Delivery note",
  "rate_limit_count": 5,
  "rate_limit_seconds": 86400,
  "reference_doctype": "Delivery Note",
  "script": "for d in doc.items:\n    if d.sales_order_item:\n        batch = frappe.db.get_value(\"Sales Order Item\", d.sales_order_item, \"batch_no\")\n        if batch:\n            d.batch_no = batch\n",
  "script_type": "DocType Event"
 },
 {
  "allow_guest": 0,
  "api_method": null,
  "cron_format": null,
  "disabled": 0,
  "docstatus": 0,
  "doctype": "Server Script",
  "doctype_event": "Before Insert",
  "enable_rate_limit": 0,
  "event_frequency": "All",
  "modified": "2025-06-29 03:54:17.306876",
  "module": null,
  "name": "Sales Invoice",
  "rate_limit_count": 5,
  "rate_limit_seconds": 86400,
  "reference_doctype": "Sales Invoice",
  "script": "for d in doc.items:\n    if d.delivery_note_item:\n        batch = frappe.db.get_value(\"Delivery Note Item\", d.delivery_note_item, \"batch_no\")\n        if batch:\n            d.batch_no = batch\n",
  "script_type": "DocType Event"
 }
]